Owner,Course Name,Price,Final rating,Link,Training period
skillbox,Профессия Java-разработчик PRO,226741,0,https://kurshub.ru/go/?id=52865,24
skillbox,Профессия Разработчик игр на Unity с нуля до Middle,190546,0,https://kurshub.ru/go/?id=52983,20
skillbox,Профессия Разработчик на Unreal Engine 4 с нуля до Middle,190260,0,https://kurshub.ru/go/?id=52982,24
skillbox,Профессия Веб-разработчик,187572,0,https://kurshub.ru/go/?id=52986,24
skillbox,Профессия Мобильный разработчик,181672,0,https://kurshub.ru/go/?id=52968,8
skillbox,Профессия DevOps-инженер PRO,179996,0,https://kurshub.ru/go/?id=52941,6
skillbox,Профессия Разработчик,173803,0,https://kurshub.ru/go/?id=53154,6
skillbox,Профессия Специалист по кибербезопасности,166874,0,https://kurshub.ru/go/?id=52937,12
skillbox,Профессия Геймдизайнер с нуля до PRO,159123,0,https://kurshub.ru/go/?id=52711,12
skillbox,Профессия Разработчик игр на Unreal Engine 4,158607,0,https://kurshub.ru/go/?id=52984,12
skillbox,Профессия Android-разработчик,156420,0,https://kurshub.ru/go/?id=52925,20
skillbox,Профессия iOS-разработчик,156420,0,https://kurshub.ru/go/?id=52961,12
skillbox,Профессия DevOps-инженер,149974,0,https://kurshub.ru/go/?id=52942,4
skillbox,Профессия Разработчик VR & AR,147089,0,https://kurshub.ru/go/?id=52703,12
skillbox,Профессия Инженер по тестированию,144460,0,https://kurshub.ru/go/?id=55925,7
skillbox,Профессия Инженер по автоматизации тестирования,142003,0,https://kurshub.ru/go/?id=53163,4
skillbox,Профессия Fullstack-разработчик на Python,134980,0,https://kurshub.ru/go/?id=52955,12
skillbox,Профессия Python-разработчик,132680,0,https://kurshub.ru/go/?id=52975,12
skillbox,Профессия Разработчик на C++,132660,0,https://kurshub.ru/go/?id=52687,12
skillbox,Профессия Java-разработчик,125970,0,https://kurshub.ru/go/?id=52757,9
skillbox,Профессия Middle-разработчик на Unreal Engine 4,116438,0,https://kurshub.ru/go/?id=53029,14
skillbox,Профессия 1C-разработчик,107894,0,https://kurshub.ru/go/?id=55647,6
skillbox,Профессия Разработчик игр на Unity,107240,0,https://kurshub.ru/go/?id=52740,9
skillbox,Профессия PHP-разработчик с нуля до PRO,106297,0,https://kurshub.ru/go/?id=52884,7
skillbox,Старт в DevOps: системное администрирование для начинающих,104575,0,https://kurshub.ru/go/?id=52803,4
skillbox,Автоматизированное тестирование на Python,104575,0,https://kurshub.ru/go/?id=52988,9
skillbox,Профессия Программист дрона,99000,0,https://kurshub.ru/go/?id=58726,12
skillbox,Разработчик игр на Unity с нуля,86435,0,https://kurshub.ru/go/?id=53025,3
skillbox,Веб-разработчик с нуля до PRO,85296,0,https://kurshub.ru/go/?id=53036,10
skillbox,Тестирование мобильных приложений,84187,0,https://kurshub.ru/go/?id=52883,4
skillbox,Основы тестирования,84155,0,https://kurshub.ru/go/?id=53050,4
skillbox,Android-разработчик. Базовый уровень,81900,0,https://kurshub.ru/go/?id=52774,4
skillbox,Java-разработчик,79196,0,https://kurshub.ru/go/?id=53131,4
skillbox,Администрирование ОС Linux,77137,0,https://kurshub.ru/go/?id=52872,2
skillbox,Автоматизированное тестирование веб-приложений на JavaScript,73415,0,https://kurshub.ru/go/?id=52779,4
skillbox,Разработчик игр на Unreal Engine 4. Junior+,71840,0,https://kurshub.ru/go/?id=53028,10
skillbox,Автоматизированное тестирование на Java,70494,0,https://kurshub.ru/go/?id=52778,2
skillbox,PHP-разработчик. Базовый уровень,70177,0,https://kurshub.ru/go/?id=52907,3
skillbox,Профессия Архитектор ПО,70164,0,https://kurshub.ru/go/?id=52760,5
skillbox,Python Basic,65270,0,https://kurshub.ru/go/?id=52989,4
skillbox,Middle-разработчик игр на Unity,62951,0,https://kurshub.ru/go/?id=53026,3
skillbox,Профессия Фронтенд-разработчик,54128,0,https://kurshub.ru/go/?id=52867,4
skillbox,BIM-координатор,53957,0,https://kurshub.ru/go/?id=53091,3.5
skillbox,Видеопродакшн в Unreal Engine 4,53906,0,https://kurshub.ru/go/?id=53022,2
skillbox,VR-разработчик на Unreal Engine 4,53906,0,https://kurshub.ru/go/?id=53032,2
skillbox,Профессия Пилот дрона,53568,0,https://kurshub.ru/go/?id=58725,5
skillbox,Алгоритмы и структуры данных для разработчиков,51572,0,https://kurshub.ru/go/?id=52772,3
skillbox,Разработчик игр на Unreal Engine 4. Junior,47956,0,https://kurshub.ru/go/?id=53027,5
skillbox,Монетизация в играх,47956,0,https://kurshub.ru/go/?id=53140,4
skillbox,Анализ данных с дронов,47057,0,https://kurshub.ru/go/?id=58730,3
skillbox,Проектирование дронов,47000,0,https://kurshub.ru/go/?id=58731,2
skillbox,Инфраструктурная платформа на основе Kubernetes,46745,0,https://kurshub.ru/go/?id=52802,1
skillbox,Программирование дронов,44964,0,https://kurshub.ru/go/?id=52809,2
skillbox,Психология видеоигр,43218,0,https://kurshub.ru/go/?id=53188,5
skillbox,Agile: Scrum и Kanban в работе над продуктом,42125,0,https://kurshub.ru/go/?id=52860,3
skillbox,Разработчик на Bubble,39504,0,https://kurshub.ru/go/?id=59138,4
skillbox,FPV-пилотирование,39492,0,https://kurshub.ru/go/?id=58732,3
skillbox,Автоматизированное тестирование для бизнеса,39000,0,https://kurshub.ru/go/?id=52742,4
skillbox,Сценарист видеоигр,35972,0,https://kurshub.ru/go/?id=53189,2
skillbox,Python-фреймворк Django,35602,0,https://kurshub.ru/go/?id=52808,3
skillbox,Карьера разработчика: трудоустройство и развитие,33916,0,https://kurshub.ru/go/?id=53105,2
skillbox,Дизайнер сайтов на Tilda,33822,0,https://kurshub.ru/go/?id=52875,4
skillbox,Пилотирование дронов,23304,0,https://kurshub.ru/go/?id=58728,2
skillbox,Node.js,22474,0,https://kurshub.ru/go/?id=52888,2
skillbox,Управление командами digital-специалистов,17986,0,https://kurshub.ru/go/?id=52807,1
skillbox,Python для инженеров,16170,0,https://kurshub.ru/go/?id=58729,2
skillbox,Android-разработка,0,0,https://kurshub.ru/go/?id=52696,1
skillbox,Java-разработка,0,0,https://kurshub.ru/go/?id=52948,1
skillbox,Python,0,0,https://kurshub.ru/go/?id=53151,1
skillbox,Unity,0,0,https://kurshub.ru/go/?id=52980,2
skillbox,Unreal Engine 4,0,0,https://kurshub.ru/go/?id=57093,2
skillbox,Let`s GO! Учимся кодить на Golang за 3 дня,0,0,https://kurshub.ru/go/?id=52977,3
skillbox,Введение в программирование,0,0,https://kurshub.ru/go/?id=52943,1
skillbox,Веб-программирование,0,0,https://kurshub.ru/go/?id=52967,2
skillbox,Профессия Интернет-маркетолог 2022,166874,0,https://kurshub.ru/go/?id=52935,24
skillbox,Профессия Маркетинг для fashion-брендов,155232,0,https://kurshub.ru/go/?id=52945,12
skillbox,Профессия Аналитик в маркетинге,149098,0,https://kurshub.ru/go/?id=59755,3
skillbox,Профессия Таргетолог с нуля до PRO,136400,0,https://kurshub.ru/go/?id=53159,24
skillbox,Профессия Интернет-маркетолог 2023,134575,0,https://kurshub.ru/go/?id=52817,12
skillbox,Профессия Сценарист,134354,0,https://kurshub.ru/go/?id=53158,12
skillbox,Профессия Digital-стратег,133241,0,https://kurshub.ru/go/?id=52927,14
skillbox,Профессия Интернет-маркетолог от middle до senior,133241,0,https://kurshub.ru/go/?id=52972,12
skillbox,Профессия Контент-маркетолог с нуля до PRO,130265,0,https://kurshub.ru/go/?id=52928,14
skillbox,Профессия Редактор с нуля до PRO,128713,0,https://kurshub.ru/go/?id=52857,12
skillbox,Личный бренд PRO,117523,0,https://kurshub.ru/go/?id=52731,4
skillbox,Личный бренд PRO,117523,0,https://kurshub.ru/go/?id=53162,4
skillbox,Профессия Менеджер маркетплейсов,107369,0,https://kurshub.ru/go/?id=52690,9
skillbox,Профессия Маркетолог-разработчик,107369,0,https://kurshub.ru/go/?id=52685,8
skillbox,Профессия Бренд-менеджер,107369,0,https://kurshub.ru/go/?id=52966,4
skillbox,Профессия PR-менеджер,107369,0,https://kurshub.ru/go/?id=53182,16
skillbox,Профессия Маркетинг в ресторанном бизнесе PRO,106292,0,https://kurshub.ru/go/?id=52699,6
skillbox,Профессия Интернет-маркетолог с нуля до PRO,104668,0,https://kurshub.ru/go/?id=53000,12
skillbox,Контент-менеджер в SMM,102015,0,https://kurshub.ru/go/?id=52697,8
skillbox,Стрим-блогер,101595,0,https://kurshub.ru/go/?id=53149,12
skillbox,Профессия Копирайтер с нуля до PRO,99550,0,https://kurshub.ru/go/?id=53097,10
skillbox,Профессия Fullstrack маркетолог,89905,0,https://kurshub.ru/go/?id=52708,19
skillbox,Профессия Маркетолог-аналитик,89905,0,https://kurshub.ru/go/?id=53016,12
skillbox,Стример,86713,0,https://kurshub.ru/go/?id=52978,4
skillbox,Профессия SMM-специалист 2022,86025,0,https://kurshub.ru/go/?id=53176,24
skillbox,Профессия SEO-специалист с нуля до PRO,86024,0,https://kurshub.ru/go/?id=53011,18
skillbox,Профессия Специалист по продвижению на маркетплейсах,75029,0,https://kurshub.ru/go/?id=52861,6
skillbox,PR для fashion-брендов,71967,0,https://kurshub.ru/go/?id=52806,5
skillbox,Концепт-арт в играх,71891,0,https://kurshub.ru/go/?id=52689,4
skillbox,"Интернет-маркетолог, основы Email-маркетинга",71627,0,https://kurshub.ru/go/?id=52887,6
skillbox,Таргетолог PRO,70145,0,https://kurshub.ru/go/?id=53113,4
skillbox,Профессия SEO-специалист,67496,0,https://kurshub.ru/go/?id=53015,12
skillbox,Как написать сценарий к сериалу,62117,0,https://kurshub.ru/go/?id=52789,4
skillbox,Сторителлинг,59325,0,https://kurshub.ru/go/?id=52819,4
skillbox,Продуктовый маркетолог,58231,0,https://kurshub.ru/go/?id=52877,9
skillbox,Digital-стратегия,58065,0,https://kurshub.ru/go/?id=52713,3
skillbox,Профессия Специалист по контекстной рекламе,57565,0,https://kurshub.ru/go/?id=52856,12
skillbox,Нарративный дизайн,57493,0,https://kurshub.ru/go/?id=59754,2
skillbox,Продвижение фэшн-бренда,53318,0,https://kurshub.ru/go/?id=53145,4
skillbox,Таргетолог с нуля,52334,0,https://kurshub.ru/go/?id=53001,4
skillbox,Коммерческий редактор,52334,0,https://kurshub.ru/go/?id=53187,4
skillbox,Бренд-менеджер,52334,0,https://kurshub.ru/go/?id=53006,3
skillbox,Маркетинг для предпринимателей,52334,0,https://kurshub.ru/go/?id=52999,3
skillbox,Веб-аналитик с нуля до Junior 2.0,49386,0,https://kurshub.ru/go/?id=52913,5
skillbox,Международное SEO,49334,0,https://kurshub.ru/go/?id=53007,3
skillbox,Личный бренд спортсмена,48108,0,https://kurshub.ru/go/?id=53194,3
skillbox,Личный бренд спортсмена,48108,0,https://kurshub.ru/go/?id=52994,3
skillbox,SEO-специалист от AMDG,47940,0,https://kurshub.ru/go/?id=52995,5
skillbox,Трафик-менеджер 2022,47736,0,https://kurshub.ru/go/?id=52791,4
skillbox,SMM-специалист с нуля,47666,0,https://kurshub.ru/go/?id=52813,4
skillbox,SEO PRO,46982,0,https://kurshub.ru/go/?id=53101,3
skillbox,PR-менеджер от PRT,46763,0,https://kurshub.ru/go/?id=52793,3
skillbox,SMM-стратегия,43316,0,https://kurshub.ru/go/?id=53170,3
skillbox,Запуск и продвижение YouTube-канала,43316,0,https://kurshub.ru/go/?id=52792,3
skillbox,Репутационный менеджмент и маркетинг,42266,0,https://kurshub.ru/go/?id=52739,2
skillbox,Маркетинг в ресторанном бизнесе,42266,0,https://kurshub.ru/go/?id=52816,2
skillbox,Основы контент-маркетинга,42266,0,https://kurshub.ru/go/?id=53173,4
skillbox,Основы работы с маркетплейсами,42015,0,https://kurshub.ru/go/?id=52997,4
skillbox,Креативные техники,42015,0,https://kurshub.ru/go/?id=52893,3.5
skillbox,Копирайтинг от А до Я 2.0,39910,0,https://kurshub.ru/go/?id=52741,4
skillbox,Продвижение на Wildberries и OZON,36868,0,https://kurshub.ru/go/?id=53191,3
skillbox,Контекстная реклама с нуля,35972,0,https://kurshub.ru/go/?id=52796,3
skillbox,Продюсер YouTube-шоу,33895,0,https://kurshub.ru/go/?id=52705,1.5
skillbox,Сквозная аналитика,33170,0,https://kurshub.ru/go/?id=53125,4
skillbox,Количественные исследования,33170,0,https://kurshub.ru/go/?id=53041,2
skillbox,Как продавать на Wildberries,32175,0,https://kurshub.ru/go/?id=53134,4
skillbox,Как стать продавцом на Ozon,32175,0,https://kurshub.ru/go/?id=52939,4
skillbox,A/B-тестирование,31475,0,https://kurshub.ru/go/?id=52952,2
skillbox,Профессия Специалист по продвижению ВКонтакте,30184,0,https://kurshub.ru/go/?id=52985,4.5
skillbox,Креативная реклама,28990,0,https://kurshub.ru/go/?id=52933,2
skillbox,Креативный копирайтинг,23868,0,https://kurshub.ru/go/?id=52750,2
skillbox,InDesign,23650,0,https://kurshub.ru/go/?id=52940,4
skillbox,Профессия Директор по маркетингу,22874,0,https://kurshub.ru/go/?id=52764,10
skillbox,Пиши грамотно – продвигай личный бренд,12386,0,https://kurshub.ru/go/?id=52969,1
skillbox,Интернет-маркетинг с нуля,0,0,https://kurshub.ru/go/?id=53009,2
skillbox,Контекстная реклама,0,0,https://kurshub.ru/go/?id=52947,5
skillbox,SMM,0,0,https://kurshub.ru/go/?id=52964,2
skillbox,Таргетированная реклама,0,0,https://kurshub.ru/go/?id=56224,2
skillbox,Введение в маркетинг,0,0,https://kurshub.ru/go/?id=52711,2
skillbox,Профессия Дизайнер интерьеров и ландшафтной среды,246874,0,https://kurshub.ru/go/?id=52751,18
skillbox,Профессия Fullstack-дизайнер,246874,0,https://kurshub.ru/go/?id=52918,12
skillbox,Профессия Дизайнер визуальных коммуникаций,230510,0,https://kurshub.ru/go/?id=52924,22
skillbox,Профессия Концепт-художник с нуля до PRO,210112,0,https://kurshub.ru/go/?id=52930,20
skillbox,Профессия 3D-дженералист,203952,0,https://kurshub.ru/go/?id=52950,24
skillbox,Профессия Дизайнер жилых и коммерческих интерьеров,184698,0,https://kurshub.ru/go/?id=52923,24
skillbox,Профессия 3D-художник,176940,0,https://kurshub.ru/go/?id=52756,12
skillbox,Профессия Motion-дизайнер,170531,0,https://kurshub.ru/go/?id=52920,13
skillbox,Профессия Создатель спецэффектов,167025,0,https://kurshub.ru/go/?id=52915,12
skillbox,Профессия Fashion-дизайнер,164920,0,https://kurshub.ru/go/?id=53161,20
skillbox,Профессия Ландшафтный дизайнер PRO,161820,0,https://kurshub.ru/go/?id=52906,18
skillbox,Дизайнер интерьеров,160591,0,https://kurshub.ru/go/?id=52962,0
skillbox,Профессия Геймдизайнер с нуля до PRO,159123,0,https://kurshub.ru/go/?id=52960,12
skillbox,Профессия Коммерческий иллюстратор,159044,0,https://kurshub.ru/go/?id=52932,16
skillbox,Профессия Графический дизайнер,159044,0,https://kurshub.ru/go/?id=52715,24
skillbox,Профессия 3D-аниматор,159037,0,https://kurshub.ru/go/?id=52949,12
skillbox,Профессия Оператор,159037,0,https://kurshub.ru/go/?id=52958,4
skillbox,Профессия Режиссёр,158942,0,https://kurshub.ru/go/?id=52934,12
skillbox,Профессия 2D-художник,158911,0,https://kurshub.ru/go/?id=52734,12
skillbox,Продюсер музыкальных проектов,158894,0,https://kurshub.ru/go/?id=56233,18
skillbox,Профессия UX/UI-дизайнер,158851,0,https://kurshub.ru/go/?id=52921,12
skillbox,Профессия Дизайнер-декоратор,158689,0,https://kurshub.ru/go/?id=52730,9
skillbox,Сонграйтер,158184,0,https://kurshub.ru/go/?id=52863,12
skillbox,3D-художник окружения с нуля до PRO,157948,0,https://kurshub.ru/go/?id=53059,16
skillbox,Профессия Ювелирный 3D-моделлер,156128,0,https://kurshub.ru/go/?id=52733,8
skillbox,Профессия Дизайнер интерьеров,155232,0,https://kurshub.ru/go/?id=53167,12
skillbox,Профессия Коммерческий иллюстратор (5 курсов),153140,0,https://kurshub.ru/go/?id=52729,12
skillbox,Профессия Создание электронной музыки,152523,0,https://kurshub.ru/go/?id=52828,12
skillbox,Профессия Fashion-фотограф,148233,0,https://kurshub.ru/go/?id=52688,17
skillbox,Профессия Геймификатор,148191,0,https://kurshub.ru/go/?id=52957,16
skillbox,Профессия Концепт-художник,148087,0,https://kurshub.ru/go/?id=52970,8
skillbox,Профессия Звукорежиссёр,147766,0,https://kurshub.ru/go/?id=52732,14
skillbox,Профессия Персонажи 3D с нуля до PRO,142071,0,https://kurshub.ru/go/?id=53120,0
skillbox,Профессия Веб-дизайнер,141391,0,https://kurshub.ru/go/?id=52868,24
skillbox,Профессия Рекламный фотограф с нуля,135763,0,https://kurshub.ru/go/?id=52758,24
skillbox,Профессия 3D-визуализатор,135429,0,https://kurshub.ru/go/?id=52841,12
skillbox,Профессия UX-дизайнер (5 курсов),134552,0,https://kurshub.ru/go/?id=52876,10
skillbox,Профессия Sound designer,132760,0,https://kurshub.ru/go/?id=52707,12
skillbox,Свадебный фотограф,127850,0,https://kurshub.ru/go/?id=52824,6
skillbox,Профессия Предметный фотограф,127850,0,https://kurshub.ru/go/?id=53057,17
skillbox,Профессия Режиссёр монтажа,127243,0,https://kurshub.ru/go/?id=58841,12
skillbox,Профессия Художник компьютерной графики,125444,0,https://kurshub.ru/go/?id=52700,15
skillbox,Профессия Продюсер игр,118351,0,https://kurshub.ru/go/?id=52976,12
skillbox,Профессия Нарративный дизайнер,115731,0,https://kurshub.ru/go/?id=53116,8
skillbox,Профессия Фотограф,111321,0,https://kurshub.ru/go/?id=52788,18
skillbox,Fullstack-дизайнер (5 курсов),109450,0,https://kurshub.ru/go/?id=52851,4
skillbox,Профессия Светодизайнер,108523,0,https://kurshub.ru/go/?id=53093,3
skillbox,Веб-дизайн 3.0 — Дизайнер промосайтов,108416,0,https://kurshub.ru/go/?id=53142,9
skillbox,Графический дизайнер с нуля до PRO,108416,0,https://kurshub.ru/go/?id=52736,8
skillbox,Веб-дизайн с 0 до PRO,108416,0,https://kurshub.ru/go/?id=52834,7
skillbox,Дизайнер интерьеров с нуля до PRO,108416,0,https://kurshub.ru/go/?id=52848,6
skillbox,Продвинутый монтаж,102918,0,https://kurshub.ru/go/?id=53115,6
skillbox,Текстильный декоратор,98110,0,https://kurshub.ru/go/?id=52894,8
skillbox,Веб-дизайн 3.0,93696,0,https://kurshub.ru/go/?id=53174,9
skillbox,Битмейкинг с нуля,90480,0,https://kurshub.ru/go/?id=53183,7
skillbox,Профессия Ретушёр,86209,0,https://kurshub.ru/go/?id=52745,8
skillbox,Основы съёмки и монтажа,85539,0,https://kurshub.ru/go/?id=52716,7
skillbox,Дизайн коммерческих интерьеров с нуля до PRO,83979,0,https://kurshub.ru/go/?id=52844,6
skillbox,Бизнес-курс для дизайнеров интерьера,82986,0,https://kurshub.ru/go/?id=52726,3
skillbox,Бренд-дизайнер (7 курсов),82290,0,https://kurshub.ru/go/?id=53008,5
skillbox,Музыкальный менеджер,77682,0,https://kurshub.ru/go/?id=53045,6
skillbox,Sound Design с нуля до PRO,72049,0,https://kurshub.ru/go/?id=52767,6
skillbox,Дизайнер на фрилансе в Digital,71967,0,https://kurshub.ru/go/?id=53084,4
skillbox,Коммерческая иллюстрация с нуля до PRO,71967,0,https://kurshub.ru/go/?id=53018,5
skillbox,Fashion-фотография,71967,0,https://kurshub.ru/go/?id=53053,4
skillbox,Дизайнер упаковки,71967,0,https://kurshub.ru/go/?id=53030,4
skillbox,Дизайн среды,71967,0,https://kurshub.ru/go/?id=52721,4
skillbox,Substance painter для игр,71891,0,https://kurshub.ru/go/?id=53095,7
skillbox,Введение в операторское мастерство,71423,0,https://kurshub.ru/go/?id=52701,3
skillbox,Электронная музыка с нуля до PRO,69920,0,https://kurshub.ru/go/?id=52870,8
skillbox,VFX в Houdini,68346,0,https://kurshub.ru/go/?id=52763,5
skillbox,Фотография с нуля до PRO,67740,0,https://kurshub.ru/go/?id=52887,8
skillbox,Ландшафтный дизайн общественных пространств,67729,0,https://kurshub.ru/go/?id=52712,5
skillbox,Рекламная графика,67729,0,https://kurshub.ru/go/?id=52840,5
skillbox,3D-моделирование для начинающих,66768,0,https://kurshub.ru/go/?id=52755,5
skillbox,3D-моделирование для начинающих 2.0,66761,0,https://kurshub.ru/go/?id=52718,2
skillbox,Управление командами,64903,0,https://kurshub.ru/go/?id=52719,4
skillbox,Пространства для бизнеса: как создать и управлять,63621,0,https://kurshub.ru/go/?id=52996,4
skillbox,UX-дизайнер с нуля до PRO,60100,0,https://kurshub.ru/go/?id=52827,6
skillbox,Motion-дизайн. Основа,60100,0,https://kurshub.ru/go/?id=53139,8
skillbox,Клипмейкинг,59325,0,https://kurshub.ru/go/?id=52762,3
skillbox,Битмейкинг,59325,0,https://kurshub.ru/go/?id=52825,4
skillbox,Ландшафтный дизайн с нуля,59252,0,https://kurshub.ru/go/?id=52695,4
skillbox,2D PRO,57710,0,https://kurshub.ru/go/?id=53140,4
skillbox,Нарративный дизайн,57493,0,https://kurshub.ru/go/?id=53177,2
skillbox,Текстильное декорирование,56709,0,https://kurshub.ru/go/?id=52818,4
skillbox,Игровой баланс,55601,0,https://kurshub.ru/go/?id=52717,3
skillbox,Шрифт в дизайне,55013,0,https://kurshub.ru/go/?id=53186,4
skillbox,Продюсер игр,53751,0,https://kurshub.ru/go/?id=52790,4.5
skillbox,Adobe Illustrator с нуля,53751,0,https://kurshub.ru/go/?id=52799,2
skillbox,3D-моделирование украшений в Rhinoceros,52471,0,https://kurshub.ru/go/?id=53088,3
skillbox,Уровень PRO. Монтаж в кино,52059,0,https://kurshub.ru/go/?id=53122,3
skillbox,Сведение и мастеринг,52059,0,https://kurshub.ru/go/?id=53002,4
skillbox,Основы 2D-графики,51311,0,https://kurshub.ru/go/?id=53005,4
skillbox,Основы монтажа,48681,0,https://kurshub.ru/go/?id=52852,3
skillbox,Рекламная фотография,48232,0,https://kurshub.ru/go/?id=52826,4
skillbox,Монетизация в играх,47956,0,https://kurshub.ru/go/?id=53107,4
skillbox,Сонграйтинг,47752,0,https://kurshub.ru/go/?id=52727,3
skillbox,Archicad 25,47384,0,https://kurshub.ru/go/?id=53178,3
skillbox,Экстерьерная визуализация,47384,0,https://kurshub.ru/go/?id=52770,2
skillbox,TouchDesigner. Базовый курс,47273,0,https://kurshub.ru/go/?id=52753,4
skillbox,Концепт-арт в кино,44065,0,https://kurshub.ru/go/?id=52766,3
skillbox,CX-исследования,43489,0,https://kurshub.ru/go/?id=53042,4
skillbox,Прикладная теория музыки,42372,0,https://kurshub.ru/go/?id=53193,3
skillbox,Звук в играх,42372,0,https://kurshub.ru/go/?id=52694,5
skillbox,Сервисный дизайн и клиентский опыт,42299,0,https://kurshub.ru/go/?id=52769,4
skillbox,Проектирование и визуализация в SketchUp,42299,0,https://kurshub.ru/go/?id=52786,3
skillbox,История дизайна интерьеров XX века,37213,0,https://kurshub.ru/go/?id=52875,3
skillbox,Монтаж в DaVinci,36019,0,https://kurshub.ru/go/?id=52859,2
skillbox,Элементарная музыкальная теория,36013,0,https://kurshub.ru/go/?id=52787,4
skillbox,Фотография для CG-специалистов,35972,0,https://kurshub.ru/go/?id=52843,2
skillbox,Звукозапись,35711,0,https://kurshub.ru/go/?id=52992,2
skillbox,After Effects с нуля до PRO,35520,0,https://kurshub.ru/go/?id=53004,4
skillbox,Скетчинг для дизайнеров,35517,0,https://kurshub.ru/go/?id=57117,2
skillbox,Визуализация в 3Ds Max и V-Ray,35517,0,https://kurshub.ru/go/?id=52768,5
skillbox,Blender.Design,35517,0,https://kurshub.ru/go/?id=52781,3
skillbox,Свадебная фотография,35517,0,https://kurshub.ru/go/?id=53039,3
skillbox,Рекламная иллюстрация,35517,0,https://kurshub.ru/go/?id=53086,2
skillbox,Adobe Illustrator для иллюстрации,33822,0,https://kurshub.ru/go/?id=53087,2
skillbox,Персонажная иллюстрация,33822,0,https://kurshub.ru/go/?id=53092,3
skillbox,Дизайнер сайтов на Tilda,33822,0,https://kurshub.ru/go/?id=52855,4
skillbox,Иллюстрация на iPad,32974,0,https://kurshub.ru/go/?id=52858,3
skillbox,Cinema 4D с нуля,29583,0,https://kurshub.ru/go/?id=53119,4
skillbox,Figma с нуля до PRO,28777,0,https://kurshub.ru/go/?id=52871,2
skillbox,Realtime Landscaping Architect,28736,0,https://kurshub.ru/go/?id=52904,2
skillbox,SketchUp для ландшафтных дизайнеров,28736,0,https://kurshub.ru/go/?id=53181,2
skillbox,Ableton Live c нуля до PRO,28736,0,https://kurshub.ru/go/?id=52720,4
skillbox,Adobe Illustrator для fashion-дизайнера,28736,0,https://kurshub.ru/go/?id=52728,3
skillbox,Основы визуализации интерьеров в 3Ds Max,28736,0,https://kurshub.ru/go/?id=52905,2
skillbox,3D-моделирование в ZBrush с нуля,28736,0,https://kurshub.ru/go/?id=52735,2
skillbox,Ableton Live c нуля до PRO,28736,0,https://kurshub.ru/go/?id=53118,4
skillbox,Adobe Lightroom,28736,0,https://kurshub.ru/go/?id=52747,2
skillbox,Книжная иллюстрация,28736,0,https://kurshub.ru/go/?id=52748,2
skillbox,Скетчинг для дизайнеров интерьера,28736,0,https://kurshub.ru/go/?id=52777,2
skillbox,Photoshop с 0 до PRO,28736,0,https://kurshub.ru/go/?id=53094,2
skillbox,Фуд-фотография,28736,0,https://kurshub.ru/go/?id=52704,6
skillbox,Ландшафтный скетчинг,28736,0,https://kurshub.ru/go/?id=53175,2
skillbox,Ретушь для фотографа,28736,0,https://kurshub.ru/go/?id=53090,2
skillbox,Предметная фотография,28736,0,https://kurshub.ru/go/?id=52744,3
skillbox,Интерьерная фотография,28736,0,https://kurshub.ru/go/?id=52911,2
skillbox,Портретная фотография,28736,0,https://kurshub.ru/go/?id=52693,3
skillbox,Photoshop для архитекторов и дизайнеров интерьера,28312,0,https://kurshub.ru/go/?id=52938,2
skillbox,Revit для дизайнеров интерьеров,27041,0,https://kurshub.ru/go/?id=52897,3
skillbox,FL Studio,26629,0,https://kurshub.ru/go/?id=52900,3
skillbox,Основы Photoshop для CG-специалистов,23650,0,https://kurshub.ru/go/?id=52898,2
skillbox,Photoshop для иллюстраторов,23650,0,https://kurshub.ru/go/?id=52899,2
skillbox,AutoCAD с нуля до PRO,23650,0,https://kurshub.ru/go/?id=52724,2
skillbox,Capture One,23650,0,https://kurshub.ru/go/?id=52801,2
skillbox,Autodesk Maya 2.0,21718,0,https://kurshub.ru/go/?id=52864,2
skillbox,Revit для начинающих,21225,0,https://kurshub.ru/go/?id=52973,3
skillbox,Основы колористики и композиции,16880,0,https://kurshub.ru/go/?id=52773,1
skillbox,Cinema 4D,0,0,https://kurshub.ru/go/?id=53035,3
skillbox,Дизайн интерьера,0,0,https://kurshub.ru/go/?id=52749,3
skillbox,Фотография,0,0,https://kurshub.ru/go/?id=52810,2
skillbox,Графический дизайн,0,0,https://kurshub.ru/go/?id=52760,3
skillbox,Photoshop,0,0,https://kurshub.ru/go/?id=52861,2
skillbox,Скетчинг,0,0,https://kurshub.ru/go/?id=52885,3
skillbox,UX/UI,0,0,https://kurshub.ru/go/?id=52908,2
skillbox,Веб-дизайн,0,0,https://kurshub.ru/go/?id=58733,2
skillbox,2D- и 3D-графика,0,0,https://kurshub.ru/go/?id=52713,3
skillbox,Монтаж,0,0,https://kurshub.ru/go/?id=52799,1
skillbox,Введение в дизайн,0,0,https://kurshub.ru/go/?id=53010,1
skillbox,Бесплатный курс Введение в цифровой дизайн,0,0,https://kurshub.ru/go/?id=52990,1
skillbox,Введение в игровую индустрию,0,0,https://kurshub.ru/go/?id=52771,5
skillbox,Как создается рекламный ролик,0,0,https://kurshub.ru/go/?id=52880,1
skillbox,Видеомастерская,0,0,https://kurshub.ru/go/?id=53014,3
skillbox,Профессия Data Engineer,190765,0,https://kurshub.ru/go/?id=52909,24
skillbox,Профессия Data Analyst,190765,0,https://kurshub.ru/go/?id=52759,9
skillbox,Профессия Machine Learning Engineer,190765,0,https://kurshub.ru/go/?id=52816,13
skillbox,Профессия Data Scientist PRO,168361,0,https://kurshub.ru/go/?id=58842,18
skillbox,Профессия Бизнес-аналитик,158928,0,https://kurshub.ru/go/?id=53024,12
skillbox,Data Scientist с нуля до Junior,119658,0,https://kurshub.ru/go/?id=52752,6
skillbox,Data Analyst с нуля до Junior,112728,0,https://kurshub.ru/go/?id=53110,6
skillbox,Data Engineer с нуля до Junior,112728,0,https://kurshub.ru/go/?id=52922,6
skillbox,Machine Learning с нуля до Junior,112728,0,https://kurshub.ru/go/?id=52974,12
skillbox,Аналитик данных с нуля,108939,0,https://kurshub.ru/go/?id=52698,6
skillbox,BI-аналитик,99431,0,https://kurshub.ru/go/?id=52897,7
skillbox,Профессия Продуктовый аналитик,94433,0,https://kurshub.ru/go/?id=52756,6
skillbox,Аналитика для руководителей и владельцев бизнеса,84199,0,https://kurshub.ru/go/?id=52919,3
skillbox,Профессия Веб-аналитик,75029,0,https://kurshub.ru/go/?id=52686,6
skillbox,Продуктовая аналитика,73304,0,https://kurshub.ru/go/?id=52896,13
skillbox,Введение в data science,70568,0,https://kurshub.ru/go/?id=52873,5
skillbox,Профессия Архитектор ПО,70164,0,https://kurshub.ru/go/?id=53156,5
skillbox,Продуктовый маркетолог,58231,0,https://kurshub.ru/go/?id=52943,9
skillbox,MS Office и инструменты Google,55894,0,https://kurshub.ru/go/?id=53052,6
skillbox,Power BI PRO,55628,0,https://kurshub.ru/go/?id=52842,5
skillbox,Компьютерное зрение и нейросети для роботов,49500,0,https://kurshub.ru/go/?id=53157,3
skillbox,Веб-аналитик с нуля до Junior 2.0,49386,0,https://kurshub.ru/go/?id=52957,5
skillbox,CX-исследования,43489,0,https://kurshub.ru/go/?id=52854,4
skillbox,SQL для анализа данных,43061,0,https://kurshub.ru/go/?id=52917,2
skillbox,Язык R для анализа данных,43061,0,https://kurshub.ru/go/?id=52895,4
skillbox,Философия искусственного интеллекта,41979,0,https://kurshub.ru/go/?id=52812,1
skillbox,Основы математики для Data Science,37589,0,https://kurshub.ru/go/?id=53049,2
skillbox,Tableau,36837,0,https://kurshub.ru/go/?id=56200,2
skillbox,Power BI,36515,0,https://kurshub.ru/go/?id=52971,2
skillbox,Качественные исследования,36086,0,https://kurshub.ru/go/?id=53051,3
skillbox,Сквозная аналитика,33170,0,https://kurshub.ru/go/?id=53152,4
skillbox,Excel для рабочих и личных задач,29650,0,https://kurshub.ru/go/?id=52869,2
skillbox,Юнит-экономика и метрики продукта,28943,0,https://kurshub.ru/go/?id=53160,2
skillbox,Excel + Google Таблицы с нуля до PRO,20892,0,https://kurshub.ru/go/?id=52951,4
skillbox,Excel + Google-таблицы для решения бизнес-задач,15000,0,https://kurshub.ru/go/?id=52862,4
skillbox,Введение в аналитику,0,0,https://kurshub.ru/go/?id=52691,3
skillbox,Акселератор продуктовых IT-команд,350000,0,https://kurshub.ru/go/?id=53146,1
skillbox,Профессия Менеджер проектов,164793,0,https://kurshub.ru/go/?id=52901,12
skillbox,Профессия Продакт-менеджер,163618,0,https://kurshub.ru/go/?id=53144,12
skillbox,Профессия Бизнес-аналитик,158928,0,https://kurshub.ru/go/?id=52946,12
skillbox,Продюсер музыкальных проектов,158894,0,https://kurshub.ru/go/?id=52773,18
skillbox,Профессия Методист с нуля до PRO,151857,0,https://kurshub.ru/go/?id=52886,12
skillbox,Профессия Продуктовый маркетолог,151138,0,https://kurshub.ru/go/?id=52847,9
skillbox,Менеджмент в онлайн-образовании,148800,0,https://kurshub.ru/go/?id=52820,8
skillbox,Профессия Руководитель отдела продаж B2B и B2C,136772,0,https://kurshub.ru/go/?id=52902,8
skillbox,Продюсер в Fashion,136045,0,https://kurshub.ru/go/?id=52846,12
skillbox,Профессия Digital-стратег,133241,0,https://kurshub.ru/go/?id=53054,14
skillbox,Директор клиентского сервиса,125028,0,https://kurshub.ru/go/?id=53114,4
skillbox,Профессия Руководитель проектов в онлайн-образовании,124902,0,https://kurshub.ru/go/?id=52891,18
skillbox,Профессия Инвестиционный аналитик,121704,0,https://kurshub.ru/go/?id=52830,10
skillbox,Профессия Продюсер игр,118351,0,https://kurshub.ru/go/?id=53056,12
skillbox,Основы предпринимательства: начни свой бизнес,117152,0,https://kurshub.ru/go/?id=53123,3
skillbox,Продакт-менеджмент,116944,0,https://kurshub.ru/go/?id=53018,5
skillbox,Эффективный руководитель,115800,0,https://kurshub.ru/go/?id=52850,12
skillbox,Профессия Продюсер видео,112820,0,https://kurshub.ru/go/?id=53048,1
skillbox,Профессия Наставничество и управленческий коучинг,112045,0,https://kurshub.ru/go/?id=53058,8
skillbox,Наставничество и управленческий коучинг,112045,0,https://kurshub.ru/go/?id=52784,8
skillbox,Профессия Операционный менеджер,111720,0,https://kurshub.ru/go/?id=52722,12
skillbox,Профессия HR бизнес-партнёр,109211,0,https://kurshub.ru/go/?id=52782,10
skillbox,Профессия Аналитик 1С,107703,0,https://kurshub.ru/go/?id=52861,9
skillbox,Профессия Продюсер онлайн-курсов с нуля до PRO,105312,0,https://kurshub.ru/go/?id=52892,12
skillbox,Продюсер онлайн-курсов с нуля до PRO -perform (тарифы),105312,0,https://kurshub.ru/go/?id=52795,5
skillbox,Профессия Финансовый менеджер,102841,0,https://kurshub.ru/go/?id=53128,12
skillbox,Управление проектами,100306,0,https://kurshub.ru/go/?id=52718,4
skillbox,Профессия Управление персоналом 2.0,99550,0,https://kurshub.ru/go/?id=52821,12
skillbox,Личные финансы: инвестиции и трейдинг,92400,0,https://kurshub.ru/go/?id=52877,3
skillbox,Профессия Экономист-финансист,91956,0,https://kurshub.ru/go/?id=53099,12
skillbox,Запуск и продюсирование онлайн-курсов,85838,0,https://kurshub.ru/go/?id=53017,4
skillbox,Профессия Event-менеджер,84731,0,https://kurshub.ru/go/?id=53083,9
skillbox,Аналитика для руководителей и владельцев бизнеса,84199,0,https://kurshub.ru/go/?id=52913,3
skillbox,Музыкальный продюсер PRO,84180,0,https://kurshub.ru/go/?id=52746,3
skillbox,HR-менеджер с нуля,75727,0,https://kurshub.ru/go/?id=53043,5
skillbox,Бизнес-стратегия: от плана до реализации,75540,0,https://kurshub.ru/go/?id=52831,3
skillbox,Soft Skills for Hard Times,74952,0,https://kurshub.ru/go/?id=53021,12
skillbox,HR-аналитика с нуля,74810,0,https://kurshub.ru/go/?id=52890,4
skillbox,Профессия IT-рекрутёр,74551,0,https://kurshub.ru/go/?id=52811,2.5
skillbox,Категорийный менеджмент в Fashion,71967,0,https://kurshub.ru/go/?id=52799,4
skillbox,Операционный менеджмент и непрерывные улучшения,71604,0,https://kurshub.ru/go/?id=52914,2
skillbox,Финансовый аналитик,71401,0,https://kurshub.ru/go/?id=53112,4
skillbox,Профессия Бухгалтер,70392,0,https://kurshub.ru/go/?id=52881,4
skillbox,Геймификатор,67900,0,https://kurshub.ru/go/?id=52860,4
skillbox,Управление командами,64903,0,https://kurshub.ru/go/?id=52889,4
skillbox,Защита интеллектуальной собственности,63756,0,https://kurshub.ru/go/?id=52838,4
skillbox,Управление современной школой,63621,0,https://kurshub.ru/go/?id=53047,4
skillbox,Профессия Управление продажами,61601,0,https://kurshub.ru/go/?id=58727,4
skillbox,Финансы для предпринимателя,60702,0,https://kurshub.ru/go/?id=52839,3
skillbox,Продвижение онлайн-курсов,60354,0,https://kurshub.ru/go/?id=52739,4
skillbox,Менеджмент в индустрии красоты,59670,0,https://kurshub.ru/go/?id=53143,3
skillbox,Продуктовый маркетолог,58231,0,https://kurshub.ru/go/?id=52816,9
skillbox,Организация музыкальных мероприятий и фестивалей,58113,0,https://kurshub.ru/go/?id=52798,4
skillbox,Корпоративные финансы: планирование и анализ,54378,0,https://kurshub.ru/go/?id=52714,4
skillbox,Инвестиционная оценка,54378,0,https://kurshub.ru/go/?id=52814,5
skillbox,Продюсер игр,53751,0,https://kurshub.ru/go/?id=53020,4.5
skillbox,Продюсирование в Fashion,52471,0,https://kurshub.ru/go/?id=52807,4
skillbox,Маркетинг для предпринимателей,52334,0,https://kurshub.ru/go/?id=53117,3
skillbox,Как открыть кофейню: от бизнес-плана до управления,51008,0,https://kurshub.ru/go/?id=52751,4
skillbox,Менеджер по обучению и развитию персонала,47420,0,https://kurshub.ru/go/?id=52688,3
skillbox,Основы аналитики 1C,47384,0,https://kurshub.ru/go/?id=52902,4
skillbox,PR-менеджер от PRT,46763,0,https://kurshub.ru/go/?id=52823,3
skillbox,Личные инвестиции,46718,0,https://kurshub.ru/go/?id=52987,3
skillbox,Менеджер по развитию бизнеса,46132,0,https://kurshub.ru/go/?id=53109,3
skillbox,Финансовое моделирование,46046,0,https://kurshub.ru/go/?id=52790,3
skillbox,Трейдинг,45144,0,https://kurshub.ru/go/?id=53188,4
skillbox,Онлайн-преподаватель,44730,0,https://kurshub.ru/go/?id=53082,4
skillbox,"Инструменты бухгалтера. 1С:Бухгалтерия, 1С:ЗУП",43496,0,https://kurshub.ru/go/?id=52912,4
skillbox,CX-исследования,43489,0,https://kurshub.ru/go/?id=53133,4
skillbox,Продюсер рекламного ролика,42977,0,https://kurshub.ru/go/?id=53132,3
skillbox,Тренд-аналитик в Fashion,42299,0,https://kurshub.ru/go/?id=53044,3
skillbox,Медиапланирование,42266,0,https://kurshub.ru/go/?id=53012,3
skillbox,Agile: Scrum и Kanban в работе над продуктом,42125,0,https://kurshub.ru/go/?id=52815,3
skillbox,Куратор онлайн-курсов,40541,0,https://kurshub.ru/go/?id=53130,2
skillbox,Методист образовательных программ,37616,0,https://kurshub.ru/go/?id=52833,3
skillbox,Основы образовательного права,36837,0,https://kurshub.ru/go/?id=52910,2
skillbox,Инженерия требований в машинострое­нии,35976,0,https://kurshub.ru/go/?id=53020,2
skillbox,Event-менеджер с нуля,35381,0,https://kurshub.ru/go/?id=52903,5
skillbox,Продюсер YouTube-шоу,33895,0,https://kurshub.ru/go/?id=53185,1.5
skillbox,Продюсер музыкальных видео,33895,0,https://kurshub.ru/go/?id=53192,2
skillbox,Сквозная аналитика,33170,0,https://kurshub.ru/go/?id=52993,4
skillbox,Customer Development,31475,0,https://kurshub.ru/go/?id=53023,2
skillbox,Цифровое образование: онлайн-инструменты и платформы,28350,0,https://kurshub.ru/go/?id=52783,3
skillbox,"«1С:Бухгалтерия 8, редакция 3.0»",25272,0,https://kurshub.ru/go/?id=52785,4
skillbox,Тайм-менеджмент,19228,0,https://kurshub.ru/go/?id=53124,1
skillfactory,JavaScript Developer,215050,0,https://kurshub.ru/go/?id=53258,9
skillfactory,Профессия Разработчик игр на Unity PRO,198000,0,https://kurshub.ru/go/?id=53233,18
skillfactory,Профессия Fullstack веб-разработчик на JavaScript и PHP,175500,0,https://kurshub.ru/go/?id=53251,20
skillfactory,Информационная безопасность,175008,0,https://kurshub.ru/go/?id=57526,11
skillfactory,Информационная безопасность,175000,0,https://kurshub.ru/go/?id=53256,8
skillfactory,IT-специалист с нуля,163404,0,https://kurshub.ru/go/?id=55929,8
skillfactory,Профессия iOS-разработчик,162792,0,https://kurshub.ru/go/?id=53224,12
skillfactory,Профессия Android-разработчик,158400,0,https://kurshub.ru/go/?id=53239,16
skillfactory,Профессия Java-разработчик,155628,0,https://kurshub.ru/go/?id=53229,14
skillfactory,Python-разработчик PRO,150840,0,https://kurshub.ru/go/?id=58783,12
skillfactory,Мобильный разработчик,150300,0,https://kurshub.ru/go/?id=53245,12
skillfactory,Профессия Fullstack-разработчик на Python,150000,0,https://kurshub.ru/go/?id=53250,16
skillfactory,Профессия Веб-разработчик с нуля,144720,0,https://kurshub.ru/go/?id=53267,12
skillfactory,Профессия Разработчик игр на Unity,143640,0,https://kurshub.ru/go/?id=53253,12
skillfactory,Специалист по кибербезопасности,143640,0,https://kurshub.ru/go/?id=53263,12
skillfactory,Профессия Product Manager,140448,0,https://kurshub.ru/go/?id=53222,12
skillfactory,Тестировщик на Python,134172,0,https://kurshub.ru/go/?id=53228,9
skillfactory,Backend-разработчик на PHP,133590,0,https://kurshub.ru/go/?id=53211,12
skillfactory,Профессия Project Manager в IT,127413,0,https://kurshub.ru/go/?id=53217,12
skillfactory,Тестировщик на Java,123840,0,https://kurshub.ru/go/?id=53265,11
skillfactory,Профессия Frontend-разработчик PRO,120000,0,https://kurshub.ru/go/?id=53221,15
skillfactory,Профессия 1С-программист,116604,0,https://kurshub.ru/go/?id=56124,9.5
skillfactory,Интенсив по Python,116160,0,https://kurshub.ru/go/?id=53252,10
skillfactory,Обучение работе с Python Django,114012,0,https://kurshub.ru/go/?id=53226,10
skillfactory,Профессия C# — разработчик,114012,0,https://kurshub.ru/go/?id=53227,12
skillfactory,Профессия Backend-разработчик на Go,114000,0,https://kurshub.ru/go/?id=53276,12
skillfactory,Профессия Python-разработчик,114000,0,https://kurshub.ru/go/?id=53225,10
skillfactory,Профессия C++ разработчик,110484,0,https://kurshub.ru/go/?id=53246,8.5
skillfactory,DevOps — ﻿инженер,107640,0,https://kurshub.ru/go/?id=53218,6
skillfactory,Профессия Системный администратор,107640,0,https://kurshub.ru/go/?id=53232,9
skillfactory,Курс Fullstack веб-разработчик на Python,99000,0,https://kurshub.ru/go/?id=55649,9
skillfactory,Инженер по ручному тестированию,89640,0,https://kurshub.ru/go/?id=53240,4
skillfactory,Специализация Frontend-разработчик,74736,0,https://kurshub.ru/go/?id=53244,7
skillfactory,Алгоритмы и структуры данных,72600,0,https://kurshub.ru/go/?id=53212,5
skillfactory,Мини-курс Методологии разработки продукта,2990,0,https://kurshub.ru/go/?id=56074,1
skillfactory,"Самый понятный гид по профессиям: iOS-разработчик, Android-разработчик",0,0,https://kurshub.ru/go/?id=53243,1
skillfactory,Карьерный гид: Fullstack- разработчик,0,0,https://kurshub.ru/go/?id=53275,8
skillfactory,Самый понятный гид по профессии «Разработчик игр на Unity»,0,0,https://kurshub.ru/go/?id=53210,1
skillfactory,Этичный/Белый хакер: полный гид по профессии,0,0,https://kurshub.ru/go/?id=53259,1
skillfactory,Чат-бот своими руками,0,0,https://kurshub.ru/go/?id=53233,1
skillfactory,Python для непрограммистов,0,0,https://kurshub.ru/go/?id=53255,1
skillfactory,Профессия Аналитик данных,155880,0,https://kurshub.ru/go/?id=53279,6.5
skillfactory,Профессия интернет-маркетолог,99900,0,https://kurshub.ru/go/?id=53237,12
skillfactory,Маркетолог- ﻿аналитик,72600,0,https://kurshub.ru/go/?id=53243,7
skillfactory,Профессия Таргетолог с нуля,72000,0,https://kurshub.ru/go/?id=53222,6
skillfactory,Профессия Разработчик игр на Unity PRO,198000,0,https://kurshub.ru/go/?id=53254,18
skillfactory,Специалист по Data Science — МФТИ,220000,0,https://kurshub.ru/go/?id=53236,24
skillfactory,Онлайн магистратура «Науки о Данных»,220000,0,https://kurshub.ru/go/?id=58843,12
skillfactory,Профессия Data Scientist,197640,0,https://kurshub.ru/go/?id=53257,24
skillfactory,Профессия Аналитик данных,155880,0,https://kurshub.ru/go/?id=53242,6.5
skillfactory,Профессия Product Manager,140448,0,https://kurshub.ru/go/?id=53241,12
skillfactory,Онлайн-магистратура Инженерия машинного обучения,138000,0,https://kurshub.ru/go/?id=53264,24
skillfactory,Полный курс по Data Science,132840,0,https://kurshub.ru/go/?id=53266,14
skillfactory,Бизнес-аналитик с нуля до PRO,129240,0,https://kurshub.ru/go/?id=53210,12
skillfactory,Data Scientist с нуля до PRO,105000,0,https://kurshub.ru/go/?id=53214,12
skillfactory,Полный курс по анализу данных,96840,0,https://kurshub.ru/go/?id=53249,6
skillfactory,Системный аналитик PRO,85800,0,https://kurshub.ru/go/?id=53216,7
skillfactory,Специализация Продуктовая аналитика,72600,0,https://kurshub.ru/go/?id=53248,4
skillfactory,Профессия Аналитик продукта,72600,0,https://kurshub.ru/go/?id=53213,6
skillfactory,Маркетолог- ﻿аналитик,72600,0,https://kurshub.ru/go/?id=53219,7
skillfactory,Курс Machine Learning и Deep Learning,63000,0,https://kurshub.ru/go/?id=55648,5
skillfactory,Тренажер Power BI,52800,0,https://kurshub.ru/go/?id=53215,3
skillfactory,Математика и Machine Learning для Data Science,47940,0,https://kurshub.ru/go/?id=53238,6
skillfactory,Нейронные сети и Deep Learning,41400,0,https://kurshub.ru/go/?id=53230,3.5
skillfactory,Курс по машинному обучению,36900,0,https://kurshub.ru/go/?id=57520,3
skillfactory,Курс по Data Engineering,32400,0,https://kurshub.ru/go/?id=53223,3
skillfactory,Курс «Python для анализа данных»,27000,0,https://kurshub.ru/go/?id=53222,2
skillfactory,Курс Математика для Data Science,19200,0,https://kurshub.ru/go/?id=53247,2
skillfactory,Курс по SQL для анализа данных,18000,0,https://kurshub.ru/go/?id=53217,2
skillfactory,Мастер Google таблиц,16200,0,https://kurshub.ru/go/?id=57092,1
skillfactory,Аналитика данных с нуля,0,0,https://kurshub.ru/go/?id=53241,5
skillfactory,Как стать специалистом по Data Science с нуля?,0,0,https://kurshub.ru/go/?id=53230,1
geekbrains,Профессия Разработчик игр на Unity,221112,0,https://kurshub.ru/go/?id=52028,11
geekbrains,Факультет Разработки игр на Unreal Engine 4,221112,0,https://kurshub.ru/go/?id=52030,12
geekbrains,DevOps-инженер с нуля до Middle,221112,0,https://kurshub.ru/go/?id=52041,24
geekbrains,Факультет инженер умных устройств,221112,0,https://kurshub.ru/go/?id=52049,24
geekbrains,Веб-разработчик,174852,0,https://kurshub.ru/go/?id=56095,12
geekbrains,Факультет Разработки на C++,163584,0,https://kurshub.ru/go/?id=52033,12
geekbrains,Android-разработчик с нуля до Junior,163584,0,https://kurshub.ru/go/?id=52034,12
geekbrains,1С-разработчик с нуля до Junior,163584,0,https://kurshub.ru/go/?id=52047,12
geekbrains,Факультет Сетевой инженер,163584,0,https://kurshub.ru/go/?id=52050,12
geekbrains,Профессия Проджект-менеджер,157356,0,https://kurshub.ru/go/?id=52309,12
geekbrains,Разработчик: старт в ИТ с нуля до Junior,128052,0,https://kurshub.ru/go/?id=51983,12
geekbrains,Разработчик на C++  с нуля до Junior,128052,0,https://kurshub.ru/go/?id=51989,12
geekbrains,Fullstack-разработчик: быстрый старт в профессии,128052,0,https://kurshub.ru/go/?id=51991,12
geekbrains,Программист с нуля до Junior,128052,0,https://kurshub.ru/go/?id=51995,12
geekbrains,Тестировщик с нуля до Junior,128052,0,https://kurshub.ru/go/?id=51996,12
geekbrains,Специалист по информационной безопасности с нуля до Junior,128052,0,https://kurshub.ru/go/?id=52014,12
geekbrains,Разработка на Go,128052,0,https://kurshub.ru/go/?id=52017,12
geekbrains,Профессия Системный администратор,128052,0,https://kurshub.ru/go/?id=52020,12
geekbrains,Разработчик на C#: быстрый старт в профессии,97776,0,https://kurshub.ru/go/?id=51990,12
geekbrains,Java-разработчик: быстрый старт в профессии,97776,0,https://kurshub.ru/go/?id=51992,12
geekbrains,Frontend-разработчик: быстрый старт в профессии,97776,0,https://kurshub.ru/go/?id=51993,12
geekbrains,Python-разработчик: быстрый старт в профессии,97776,0,https://kurshub.ru/go/?id=51994,12
geekbrains,Программист-специалист,78228,0,https://kurshub.ru/go/?id=52000,6
geekbrains,Тестировщик ПО,78228,0,https://kurshub.ru/go/?id=52010,9
geekbrains,iOS-разработчик,15000,0,https://kurshub.ru/go/?id=52032,1
geekbrains,Основы языка C# Базовый курс,15000,0,https://kurshub.ru/go/?id=52086,1
geekbrains,Data Scientist: быстрый старт в профессии,15000,0,https://kurshub.ru/go/?id=52109,1
geekbrains,Профессиональная разработка Android-приложений,15000,0,https://kurshub.ru/go/?id=52116,1
geekbrains,Разработка под Android на языке Java,0,0,https://kurshub.ru/go/?id=57120,2
geekbrains,Git. Базовый курс,0,0,https://kurshub.ru/go/?id=56071,2
geekbrains,Знакомство с веб-безопасностью,0,0,https://kurshub.ru/go/?id=57116,3
geekbrains,Основы C++,0,0,https://kurshub.ru/go/?id=52024,1
geekbrains,Игры на Java,0,0,https://kurshub.ru/go/?id=52026,1
geekbrains,First Person Shooter на Unity,0,0,https://kurshub.ru/go/?id=52022,4
geekbrains,Клиент-серверная игра,0,0,https://kurshub.ru/go/?id=58734,2
geekbrains,Истории успеха обычных людей в сфере ИТ,0,0,https://kurshub.ru/go/?id=52027,2
geekbrains,Онлайн-практикум «Напиши свою первую программу»,0,0,https://kurshub.ru/go/?id=56227,1
geekbrains,Основы безопасности и анонимности в сети,0,0,https://kurshub.ru/go/?id=56218,2
geekbrains,Графические приложения на C#,0,0,https://kurshub.ru/go/?id=56223,0
geekbrains,Маркетинговый аналитик,174852,0,https://kurshub.ru/go/?id=56226,12
geekbrains,SEO-специалист,126000,0,https://kurshub.ru/go/?id=56231,12
geekbrains,Менеджер маркетплейсов с нуля до Junior,126000,0,https://kurshub.ru/go/?id=56241,12
geekbrains,Факультет Интернет-маркетинга,119016,0,https://kurshub.ru/go/?id=56244,12
geekbrains,Факультет Таргетированной рекламы,119016,0,https://kurshub.ru/go/?id=51982,12
geekbrains,Факультет Редактуры и копирайтинга,90900,0,https://kurshub.ru/go/?id=51985,12
geekbrains,Специалист по контекстной рекламе: быстрый старт в профессии,75204,0,https://kurshub.ru/go/?id=56140,6
geekbrains,Digital-маркетолог,74268,0,https://kurshub.ru/go/?id=52038,6
geekbrains,SMM-менеджер с нуля до Junior,0,0,https://kurshub.ru/go/?id=51984,2
geekbrains,"Работа с инструментами аналитики: Popsters, TargetHunter, LiveDune",0,0,https://kurshub.ru/go/?id=51985,0
geekbrains,Дизайнер коммерческих интерьеров,221112,0,https://kurshub.ru/go/?id=52001,24
geekbrains,Ландшафтный дизайнер,163584,0,https://kurshub.ru/go/?id=52002,12
geekbrains,Дизайнер мобильных приложений,163584,0,https://kurshub.ru/go/?id=52015,24
geekbrains,Дизайнер интерьера,163584,0,https://kurshub.ru/go/?id=52003,12
geekbrains,Графический дизайнер,163584,0,https://kurshub.ru/go/?id=51998,12
geekbrains,Веб-дизайнер,163584,0,https://kurshub.ru/go/?id=52083,12
geekbrains,Курс Цифровой дизайнер с нуля до Junior,163584,0,https://kurshub.ru/go/?id=52109,12
geekbrains,UX/UI-дизайнер с нуля до Middle,147816,0,https://kurshub.ru/go/?id=52130,24
geekbrains,Игровой аналитик,128052,0,https://kurshub.ru/go/?id=56155,12
geekbrains,Adobe Photoshop. Основы,0,0,https://kurshub.ru/go/?id=52309,1
geekbrains,Инженер искусственного интеллекта,228168,0,https://kurshub.ru/go/?id=51988,24
geekbrains,Факультет Data Science в медицине,221112,0,https://kurshub.ru/go/?id=52083,24
geekbrains,Аналитик с нуля до Junior,128052,0,https://kurshub.ru/go/?id=52082,12
geekbrains,Игровой аналитик,128052,0,https://kurshub.ru/go/?id=52062,12
netology,Кибербезопасность,800000,0,https://kurshub.ru/go/?id=52405,22
netology,UX/UI-дизайнер: расширенный курс,164700,0,https://kurshub.ru/go/?id=52320,22
netology,DevOps-инженер с нуля,159000,0,https://kurshub.ru/go/?id=52310,24
netology,Веб-разработчик с нуля,159000,0,https://kurshub.ru/go/?id=52318,17
netology,Инженер по тестированию: с нуля до middle,134700,0,https://kurshub.ru/go/?id=58092,15
netology,Инженер по тестированию: с нуля до middle,132600,0,https://kurshub.ru/go/?id=52322,14
netology,Fullstack-разработчик на Python,132600,0,https://kurshub.ru/go/?id=52359,18
netology,Специалист по информационной безопасности,120000,0,https://kurshub.ru/go/?id=52301,12
netology,Android-разработчик с нуля,109500,0,https://kurshub.ru/go/?id=52303,13
netology,iOS-разработчик  с нуля,109500,0,https://kurshub.ru/go/?id=52305,13
netology,Профессия 1C-программист: с нуля до middle,109500,0,https://kurshub.ru/go/?id=52408,17
netology,Разработчик на C++,108000,0,https://kurshub.ru/go/?id=52363,18
netology,Frontend-разработчик с нуля,108000,0,https://kurshub.ru/go/?id=52369,13
netology,Основы  HTML и CSS,108000,0,https://kurshub.ru/go/?id=52371,2
netology,Java-разработчик с нуля,107460,0,https://kurshub.ru/go/?id=52329,14
netology,DevOps-инженер,99000,0,https://kurshub.ru/go/?id=52360,16
netology,Python-разработчик с нуля,99000,0,https://kurshub.ru/go/?id=52374,12
netology,Agile: от основ до скрам-мастера,94900,0,https://kurshub.ru/go/?id=52304,5
netology,1С-программист,90000,0,https://kurshub.ru/go/?id=58778,11
netology,Python-разработчик с нуля,79800,0,https://kurshub.ru/go/?id=52392,6
netology,Разработчик игр на Unity,79800,0,https://kurshub.ru/go/?id=58078,6.5
netology,Frontend-разработчик,79500,0,https://kurshub.ru/go/?id=52306,13
netology,Системный администратор,78000,0,https://kurshub.ru/go/?id=55228,13
netology,Сетевой инженер,72000,0,https://kurshub.ru/go/?id=55198,13
netology,Инженер по автоматизации,70740,0,https://kurshub.ru/go/?id=55199,13
netology,Bitrix-разработчик с нуля,67200,0,https://kurshub.ru/go/?id=52321,13
netology,Тестировщик ПО,65760,0,https://kurshub.ru/go/?id=52361,6
netology,Скрам-мастер,65000,0,https://kurshub.ru/go/?id=52394,2.5
netology,Soft Skills для руководителя,54600,0,https://kurshub.ru/go/?id=57094,4
netology,Куратор и технический администратор онлайн-школы,42000,0,https://kurshub.ru/go/?id=52299,5
netology,Python для анализа данных,42000,0,https://kurshub.ru/go/?id=52373,4
netology,"Управление по аgile, scrum, kanban, lean",34860,0,https://kurshub.ru/go/?id=52368,3
netology,Как стать результативным руководителем,24990,0,https://kurshub.ru/go/?id=52367,2
netology,"Введение в SQL и работу с базой данных,Backend разработка",24850,0,https://kurshub.ru/go/?id=52386,2
netology,Backend-разработка на Node.js,24850,0,https://kurshub.ru/go/?id=55210,6
netology,React: библиотека фронтенд-разработки №1,14700,0,https://kurshub.ru/go/?id=55239,3
netology,Django: создание backend-приложений,14700,0,https://kurshub.ru/go/?id=56033,2
netology,Старт в программировании,990,0,https://kurshub.ru/go/?id=52473,1
netology,Основы кибербезопасности,790,0,https://kurshub.ru/go/?id=52427,1
netology,Адаптивная верстка писем в email-маркетинге,790,0,https://kurshub.ru/go/?id=52313,1
netology,Основы разработки на Java,0,0,https://kurshub.ru/go/?id=52524,4
netology,Первая игра на Unity за 3 дня,0,0,https://kurshub.ru/go/?id=52311,3
netology,"Основы SQL,Backend разработка",0,0,https://kurshub.ru/go/?id=52486,5
netology,Как стать UX/UI-дизайнером: создай свой первый сайт,0,0,https://kurshub.ru/go/?id=52494,2
netology,Как стать востребованным 1С-разработчиком,0,0,https://kurshub.ru/go/?id=52351,1
netology,Разработка мобильных приложений с нуля,0,0,https://kurshub.ru/go/?id=52496,5
netology,Python-разработка для начинающих,0,0,https://kurshub.ru/go/?id=52346,3
netology,Тестировщик: начните карьеру в IT,0,0,https://kurshub.ru/go/?id=52462,2
netology,Как стать специалистом по информационной безопасности и работать в перспективной отрасли,0,0,https://kurshub.ru/go/?id=52425,1
netology,Языки программирования: что учить для карьеры в 2022 году,0,0,https://kurshub.ru/go/?id=52407,1
netology,1С-программист: первые шаги в профессию,0,0,https://kurshub.ru/go/?id=52356,5
netology,Как стать программистом,0,0,https://kurshub.ru/go/?id=58084,3
netology,Управление контентом и медиапроектами,500000,0,https://kurshub.ru/go/?id=52347,24
netology,Директор по интернет-маркетингу,159900,0,https://kurshub.ru/go/?id=52382,8
netology,Ведущий интернет-маркетолог,134700,0,https://kurshub.ru/go/?id=52387,12
netology,Продакт-маркетолог с нуля до PRO,124800,0,https://kurshub.ru/go/?id=52388,11
netology,Копирайтер: расширенная версия,105000,0,https://kurshub.ru/go/?id=52406,12
netology,SMM-менеджер: расширенный курс,105000,0,https://kurshub.ru/go/?id=52292,7
netology,SEO-специалист: с нуля до middle,99990,0,https://kurshub.ru/go/?id=52344,11
netology,Профессия PR в digital: с нуля до middle,99900,0,https://kurshub.ru/go/?id=58770,8
netology,Интернет-маркетолог: с нуля до middle,99900,0,https://kurshub.ru/go/?id=52381,11.5
netology,Трафик-менеджер,99900,0,https://kurshub.ru/go/?id=52314,8
netology,Маркетинговая стратегия и МarTech,91000,0,https://kurshub.ru/go/?id=52469,2
netology,Маркетинговый аналитик с нуля до middle,90000,0,https://kurshub.ru/go/?id=58774,11
netology,Бренд-менеджер,89910,0,https://kurshub.ru/go/?id=58086,7
netology,"Бизнес в fashion: старт, управление и продвижение бренда",70000,0,https://kurshub.ru/go/?id=52312,1
netology,Интернет-маркетолог,64800,0,https://kurshub.ru/go/?id=52487,5
netology,Специалист по контекстной рекламе: с нуля до middle,64800,0,https://kurshub.ru/go/?id=56173,8
netology,SMM — менеджер,64800,0,https://kurshub.ru/go/?id=52459,5
netology,Таргетолог,64800,0,https://kurshub.ru/go/?id=52472,4
netology,"Дата-журналист: истории, основанные на данных",64800,0,https://kurshub.ru/go/?id=52473,8
netology,Продвижение на маркетплейсах,59910,0,https://kurshub.ru/go/?id=52474,4
netology,Копирайтер,44700,0,https://kurshub.ru/go/?id=52476,5
netology,Продвижение в Telegram,42800,0,https://kurshub.ru/go/?id=52478,2
netology,Бренд-дизайн,39900,0,https://kurshub.ru/go/?id=52441,3
netology,Комьюнити-менеджмент,39000,0,https://kurshub.ru/go/?id=52320,3
netology,Менеджер по маркетплейсам,39000,0,https://kurshub.ru/go/?id=52378,4
netology,Специалист по Яндекс Директу,38500,0,https://kurshub.ru/go/?id=52338,5
netology,Специалист по контекстной рекламе в Яндекс Директе,36000,0,https://kurshub.ru/go/?id=58776,3
netology,UX-писатель,29995,0,https://kurshub.ru/go/?id=52342,3
netology,Работа со СМИ: от PR-плана до пресс-конференций,790,0,https://kurshub.ru/go/?id=52353,1
netology,Креативное мышление и генерация идей,790,0,https://kurshub.ru/go/?id=52377,2
netology,Триггерные письма как инструмент продаж,790,0,https://kurshub.ru/go/?id=52396,1
netology,Контекстная реклама в Google Ads,790,0,https://kurshub.ru/go/?id=52333,1
netology,Адаптивная верстка писем в email-маркетинге,790,0,https://kurshub.ru/go/?id=58080,1
netology,Способы персонализации email-рассылок,790,0,https://kurshub.ru/go/?id=52323,1
netology,Основы поисковой оптимизации (SEO),790,0,https://kurshub.ru/go/?id=52415,1
netology,Управление репутацией в интернете: как создать положительный имидж,790,0,https://kurshub.ru/go/?id=52296,1
netology,Основы email-маркетинга,790,0,https://kurshub.ru/go/?id=52300,1
netology,Основы работы с текстом,0,0,https://kurshub.ru/go/?id=58083,2
netology,Как начать продавать на маркетплейсах,0,0,https://kurshub.ru/go/?id=58089,5
netology,Как использовать видео в соцсетях для продвижения,0,0,https://kurshub.ru/go/?id=52514,1
netology,Развитие личного бренда HR в эпоху digital,0,0,https://kurshub.ru/go/?id=52332,1
netology,Как развивать креативное мышление начинающему дизайнеру,0,0,https://kurshub.ru/go/?id=58087,1
netology,Первые шаги в брендинге: смысл и креатив,0,0,https://kurshub.ru/go/?id=52495,4
netology,Развитие личного бренда HR в эпоху digital,0,0,https://kurshub.ru/go/?id=52316,1
netology,Аналитика для начинающих интернет-маркетологов,0,0,https://kurshub.ru/go/?id=52308,1
netology,Первые шаги в брендинге: смысл и креатив,0,0,https://kurshub.ru/go/?id=52325,4
netology,Основы интернет-маркетинга: старт в профессии,0,0,https://kurshub.ru/go/?id=58769,4
netology,Как стать SEO специалистом,0,0,https://kurshub.ru/go/?id=52336,2
netology,Старт в SMM,0,0,https://kurshub.ru/go/?id=52324,2
netology,Продуктовый дизайн,700000,0,https://kurshub.ru/go/?id=52352,24
netology,UX/UI-дизайнер: расширенный курс,164700,0,https://kurshub.ru/go/?id=52355,22
netology,Дизайн среды: от интерьера до города,164700,0,https://kurshub.ru/go/?id=52488,23
netology,Графический дизайнер: расширенный курс,134700,0,https://kurshub.ru/go/?id=58836,17
netology,Веб-дизайнер: расширенный курс,131900,0,https://kurshub.ru/go/?id=58091,12
netology,3D-дженералист,124500,0,https://kurshub.ru/go/?id=52334,14
netology,Моушн-дизайнер в 2D и 3D,124500,0,https://kurshub.ru/go/?id=57069,11
netology,Дизайнер интерьера,124500,0,https://kurshub.ru/go/?id=58085,14
netology,UX/UI дизайнер,114900,0,https://kurshub.ru/go/?id=52328,14
netology,Иллюстрация и интерактивная графика,109800,0,https://kurshub.ru/go/?id=52376,13
netology,Аниматор-мультипликатор,101400,0,https://kurshub.ru/go/?id=52357,10
netology,UI-дизайнер,99750,0,https://kurshub.ru/go/?id=55183,6
netology,Геймдизайнер,89700,0,https://kurshub.ru/go/?id=52319,10
netology,Первый шаг в графическом дизайне,83250,0,https://kurshub.ru/go/?id=58077,9
netology,3D-моделирование и анимация,79800,0,https://kurshub.ru/go/?id=52383,8
netology,Режиссёр видеомонтажа,79800,0,https://kurshub.ru/go/?id=52298,8
netology,3D-моделирование и анимация,79800,0,https://kurshub.ru/go/?id=58082,8
netology,Фотограф,68700,0,https://kurshub.ru/go/?id=52384,7
netology,Веб-дизайнер,67800,0,https://kurshub.ru/go/?id=52407,6
netology,Иллюстрация и рисование с нуля,67800,0,https://kurshub.ru/go/?id=52340,8
netology,Саунд-дизайнер,66300,0,https://kurshub.ru/go/?id=52343,7
netology,Саунд-дизайнер,64800,0,https://kurshub.ru/go/?id=57095,7
netology,Ландшафтный дизайн: старт в профессии с нуля,59940,0,https://kurshub.ru/go/?id=52421,6
netology,Дизайнер мобильных приложений,54950,0,https://kurshub.ru/go/?id=52299,4
netology,UX-дизайнер,54900,0,https://kurshub.ru/go/?id=52324,10
netology,Визуализация в 3ds Max,47300,0,https://kurshub.ru/go/?id=57096,2
netology,Основы графического дизайна,46900,0,https://kurshub.ru/go/?id=52365,2
netology,UX-аналитика,39900,0,https://kurshub.ru/go/?id=52439,3
netology,Проектирование интерфейсов с AGIMA,39900,0,https://kurshub.ru/go/?id=58768,3
netology,Инфографика,39900,0,https://kurshub.ru/go/?id=52330,1
netology,Основы скетчинга и прототипирования,790,0,https://kurshub.ru/go/?id=52291,1
netology,Дизайнер интерфейсов: с чего начать погружение в UX/UI дизайн,0,0,https://kurshub.ru/go/?id=52409,1
netology,Профессии в дизайне,0,0,https://kurshub.ru/go/?id=52395,1
netology,Как стать UX/UI-дизайнером: создай свой первый сайт,0,0,https://kurshub.ru/go/?id=56154,2
netology,Как создать стильный интерьер: разбор кейсов с дизайнером,0,0,https://kurshub.ru/go/?id=58837,1
netology,Основы графического дизайна: как развиваться в профессии,0,0,https://kurshub.ru/go/?id=52424,1
netology,Как сделать карьеру в дизайне,0,0,https://kurshub.ru/go/?id=52294,4
netology,Видеомонтаж: как делать интересные видео,0,0,https://kurshub.ru/go/?id=57604,0
netology,Основы Adobe Illustrator,0,0,https://kurshub.ru/go/?id=58773,2
netology,Как стать дизайнером,0,0,https://kurshub.ru/go/?id=52311,3
netology,Обзор главных инструментов дизайнера,0,0,https://kurshub.ru/go/?id=52349,1
netology,Основы Adobe After Effects,0,0,https://kurshub.ru/go/?id=52379,5
netology,Основы Figma,0,0,https://kurshub.ru/go/?id=58835,5
netology,Дизайн интерьера: создаём проект квартиры,0,0,https://kurshub.ru/go/?id=52319,5
netology,Основы Adobe Photoshop,0,0,https://kurshub.ru/go/?id=57603,1
netology,Профессия аналитик данных,229900,0,https://kurshub.ru/go/?id=52350,10
netology,Data Scientist с нуля до middle,171900,0,https://kurshub.ru/go/?id=52506,20
netology,Data Scientist: с нуля до middle,169800,0,https://kurshub.ru/go/?id=52327,17
netology,Бизнес-аналитик: c нуля до middle,147720,0,https://kurshub.ru/go/?id=52425,10
netology,Системный аналитик с нуля до middle,132000,0,https://kurshub.ru/go/?id=52385,13
netology,Аналитик данных с нуля до middle,129900,0,https://kurshub.ru/go/?id=52341,13
netology,Data Scientist,129900,0,https://kurshub.ru/go/?id=52430,16
netology,Дата-инженер с нуля до middle,120000,0,https://kurshub.ru/go/?id=52483,11
netology,Системный аналитик с нуля до middle,119075,0,https://kurshub.ru/go/?id=52391,15
netology,Бизнес-аналитик,112200,0,https://kurshub.ru/go/?id=52326,6
netology,1C-аналитик: с нуля до middle,110100,0,https://kurshub.ru/go/?id=52493,14
netology,Аналитик данных,109500,0,https://kurshub.ru/go/?id=52484,10
netology,Product-аналитик с нуля до middle,105000,0,https://kurshub.ru/go/?id=52380,18
netology,1C-аналитик,100200,0,https://kurshub.ru/go/?id=52481,9
netology,Аналитик BI: с нуля до middle,92100,0,https://kurshub.ru/go/?id=52394,12
netology,Маркетинговый аналитик с нуля до middle,90000,0,https://kurshub.ru/go/?id=58088,11
netology,Системный аналитик,85020,0,https://kurshub.ru/go/?id=55208,10
netology,Аналитик BI,75000,0,https://kurshub.ru/go/?id=52375,9
netology,Системный аналитик PRO,69960,0,https://kurshub.ru/go/?id=52482,10
netology,Машинное обучение,49000,0,https://kurshub.ru/go/?id=52507,10
netology,Python для анализа данных,42000,0,https://kurshub.ru/go/?id=58079,4
netology,UX-аналитика,39900,0,https://kurshub.ru/go/?id=52390,3
netology,Продвинутый SQL,35000,0,https://kurshub.ru/go/?id=52515,1
netology,Deep leaning,31500,0,https://kurshub.ru/go/?id=52297,2.5
netology,Power BI,25550,0,https://kurshub.ru/go/?id=52373,2
netology,Математика для анализа данных,23800,0,https://kurshub.ru/go/?id=58840,2
netology,Power BI & Excel PRO,23450,0,https://kurshub.ru/go/?id=52526,2
netology,Excel для анализа данных,20300,0,https://kurshub.ru/go/?id=52417,2
netology,Как аналитику ускорить свою работу? Основы Python для анализа данных,0,0,https://kurshub.ru/go/?id=52368,1
netology,Excel: простые шаги для оптимизации работы с данными,0,0,https://kurshub.ru/go/?id=58838,4
netology,Как стать аналитиком данных и стартовать в Data Science,0,0,https://kurshub.ru/go/?id=52354,5
netology,"Основы SQL,Backend разработка",0,0,https://kurshub.ru/go/?id=52436,5
netology,Аналитика для начинающих интернет-маркетологов,0,0,https://kurshub.ru/go/?id=52372,1
netology,Data Science: будущее для каждого,0,0,https://kurshub.ru/go/?id=52412,3
netology,Неделя пробных занятий по работе с данными,0,0,https://kurshub.ru/go/?id=52489,1
netology,Системный аналитик: первые шаги к профессии,0,0,https://kurshub.ru/go/?id=52490,5
netology,Как начать в аналитике и Data Science,0,0,https://kurshub.ru/go/?id=52426,1
netology,Что такое анализ данных и как стать аналитиком,0,0,https://kurshub.ru/go/?id=52424,1
netology,Управление цифровым продуктом,760000,0,https://kurshub.ru/go/?id=58081,22
netology,Цифровое предпринимательство,700000,0,https://kurshub.ru/go/?id=52464,24
netology,Digital MBA,500000,0,https://kurshub.ru/go/?id=52332,7
netology,Профессия Project Manager в IT,229900,0,https://kurshub.ru/go/?id=52394,10
netology,Лидерство в современном бизнесе,160000,0,https://kurshub.ru/go/?id=52355,1
netology,Сценарное мастерство,159900,0,https://kurshub.ru/go/?id=52354,4
netology,Продакт-менеджер: с нуля до middle,155700,0,https://kurshub.ru/go/?id=58771,12
netology,Операционный менеджер,126600,0,https://kurshub.ru/go/?id=52453,9
netology,Продакт-маркетолог с нуля до PRO,124800,0,https://kurshub.ru/go/?id=58772,11
netology,Product manager,123900,0,https://kurshub.ru/go/?id=58777,8
netology,Project manager,123900,0,https://kurshub.ru/go/?id=52475,10
netology,Финансовый директор,120000,0,https://kurshub.ru/go/?id=52426,4
productstar,Профессия: Java-разработчик,165480,0,https://kurshub.ru/go/?id=57521,18
productstar,Профессия: Python-разработчик,165480,0,https://kurshub.ru/go/?id=57524,10
productstar,Профессия mobile Продакт-менеджер,129000,0,https://kurshub.ru/go/?id=58746,12
productstar,Профессия Белый Хакер,129000,0,https://kurshub.ru/go/?id=58761,8
productstar,Профессия: Инженер по информационной безопасности,125496,0,https://kurshub.ru/go/?id=57097,10
productstar,Профессия: Fullstack-разработчик,125496,0,https://kurshub.ru/go/?id=55917,10
productstar,Профессия: Android-разработчик,125496,0,https://kurshub.ru/go/?id=55918,10
productstar,Профессия: ВЕБ-разработчик,125496,0,https://kurshub.ru/go/?id=55932,10
productstar,Профессия: frontend-разработчик,125496,0,https://kurshub.ru/go/?id=55933,10
productstar,Профессия: Python-разработчик,125496,0,https://kurshub.ru/go/?id=55956,10
productstar,Обучение Java-разработке с гарантией трудоустройства,125496,0,https://kurshub.ru/go/?id=52660,12
productstar,Профессия 1С-разработчик,125000,0,https://kurshub.ru/go/?id=57757,10
productstar,Профессия инженер по тестированию с 0,95000,0,https://kurshub.ru/go/?id=58737,7
productstar,КУРС: Java-разработчик,94008,0,https://kurshub.ru/go/?id=57099,8
productstar,Профессия: DevOps-инженер,84000,0,https://kurshub.ru/go/?id=55941,6
productstar,Курс: Junior Product Manager,49900,0,https://kurshub.ru/go/?id=52643,2
productstar,Интенсивный курс: It быстрый старт,46800,0,https://kurshub.ru/go/?id=52640,6
productstar,Devops: быстрый старт,39912,0,https://kurshub.ru/go/?id=57100,0
productstar,Основы Java от Amazon,39912,0,https://kurshub.ru/go/?id=55919,0
productstar,Основы No code: Быстрый старт,39912,0,https://kurshub.ru/go/?id=55943,2
productstar,Основы Web-разработки с 0,39912,0,https://kurshub.ru/go/?id=55957,2
productstar,Погружение в основы Python с 0,39900,0,https://kurshub.ru/go/?id=52635,2
productstar,"Создание сайтов, лендингов на Tilda",39900,0,https://kurshub.ru/go/?id=52674,2
productstar,Профессия: Java-разработчик,0,0,https://kurshub.ru/go/?id=59147,1
productstar,Знакомство с программированием,0,0,https://kurshub.ru/go/?id=52647,1
productstar,Менеджер по маркетплейсам,166000,0,https://kurshub.ru/go/?id=52663,5
productstar,Курс: Директор по продукту (CPO),74904,0,https://kurshub.ru/go/?id=52671,3
productstar,Курс: Интернет-маркетолог,74904,0,https://kurshub.ru/go/?id=52652,6
productstar,Менеджмент Mobile-продуктов,39912,0,https://kurshub.ru/go/?id=52654,2
productstar,"SMM: Instagram, VK, комьюнити-менеджмент и Influence-marketing",39900,0,https://kurshub.ru/go/?id=52664,2
productstar,Навык: A/B-тестирование,39900,0,https://kurshub.ru/go/?id=52666,2
productstar,Контекстная реклама и SEO,39900,0,https://kurshub.ru/go/?id=58739,1
productstar,Таргетированная реклама в Instagram & Facebook,39900,0,https://kurshub.ru/go/?id=57523,2
productstar,Product Marketing Manager,39000,0,https://kurshub.ru/go/?id=58763,2
productstar,Профессия: UX/UI-дизайнер,165480,0,https://kurshub.ru/go/?id=55937,10
productstar,Профессия графический дизайнер,129000,0,https://kurshub.ru/go/?id=52668,10
productstar,Профессия: UX/UI-дизайнер,125496,0,https://kurshub.ru/go/?id=52674,10
productstar,Основы дизайна для продактов: Figma,39900,0,https://kurshub.ru/go/?id=57522,2
productstar,"Создание сайтов, лендингов на Tilda",39900,0,https://kurshub.ru/go/?id=58740,2
productstar,Профессия: Аналитик,165480,0,https://kurshub.ru/go/?id=58741,12
productstar,Аналитик: с нуля до трудоустройства,129000,0,https://kurshub.ru/go/?id=58755,9
productstar,Специалист AI Data Science,129000,0,https://kurshub.ru/go/?id=58764,10
productstar,Профессия Бизнес-аналитик,129000,0,https://kurshub.ru/go/?id=57103,9
productstar,Профессия Аналитик данных,129000,0,https://kurshub.ru/go/?id=55240,9
productstar,Профессия Data Scientist,125496,0,https://kurshub.ru/go/?id=58744,10
productstar,Профессия: Аналитик от Productstar,125496,0,https://kurshub.ru/go/?id=55940,5
productstar,Системный аналитик: с 0 до middle,95000,0,https://kurshub.ru/go/?id=52634,8
productstar,"Python, BI и BigData",94008,0,https://kurshub.ru/go/?id=52648,6
productstar,Аналитик,94008,0,https://kurshub.ru/go/?id=58735,12
productstar,Курс: Data Scientist,94008,0,https://kurshub.ru/go/?id=58754,6
productstar,Аналитика для руководителей,75000,0,https://kurshub.ru/go/?id=52655,6
productstar,Руководитель аналитики,75000,0,https://kurshub.ru/go/?id=52656,6
productstar,Data Science: быстрый старт,46900,0,https://kurshub.ru/go/?id=55645,2
productstar,Аналитика с 0: быстрый старт,46900,0,https://kurshub.ru/go/?id=52642,2
productstar,SQL с 0 для анализа данных,39900,0,https://kurshub.ru/go/?id=52651,2
productstar,Курс: Менеджмент AI- и BigData-продуктов,39900,0,https://kurshub.ru/go/?id=52654,2
productstar,Unit-экономика и P&L,39900,0,https://kurshub.ru/go/?id=52657,2
productstar,Навык: A/B-тестирование,39900,0,https://kurshub.ru/go/?id=52662,2
productstar,"Power BI, Tableau и визуализация данных",39900,0,https://kurshub.ru/go/?id=57525,2
productstar,Google Sheets и Exсel,39900,0,https://kurshub.ru/go/?id=59148,2
productstar,Профессия: продакт-менеджер,165480,0,https://kurshub.ru/go/?id=58746,12
productstar,Digital MBA,149175,0,https://kurshub.ru/go/?id=58749,6
productstar,Профессия mobile Продакт-менеджер,129000,0,https://kurshub.ru/go/?id=56146,12
productstar,Профессия Project Manager в IT,129000,0,https://kurshub.ru/go/?id=52646,9
productstar,Профессия: Project Manager,125496,0,https://kurshub.ru/go/?id=52650,9
productstar,Профессия: «Продакт-менеджер»,125496,0,https://kurshub.ru/go/?id=57102,6
productstar,Профессия: «Middle & Senior продакт — менеджер»,125496,0,https://kurshub.ru/go/?id=52634,12
productstar,Курс: Project Manager,94008,0,https://kurshub.ru/go/?id=52639,0
productstar,Аналитик,94008,0,https://kurshub.ru/go/?id=52645,12
productstar,Курс: Продакт-менеджер,94008,0,https://kurshub.ru/go/?id=52647,6
productstar,Курс: «Hard skills для продакт-менеджера»,74904,0,https://kurshub.ru/go/?id=57937,4
productstar,Курс: Директор по продукту (CPO),74904,0,https://kurshub.ru/go/?id=58075,3
productstar,Курс: Руководитель. Эффективное управление,64900,0,https://kurshub.ru/go/?id=58076,4
productstar,Курс: Управление командой,64900,0,https://kurshub.ru/go/?id=52643,4
productstar,Курс: Руководитель в IT,64900,0,https://kurshub.ru/go/?id=52653,4
productstar,Курс: Junior Product Manager,49900,0,https://kurshub.ru/go/?id=52640,2
productstar,Level Up: Senior Product & CPO,46900,0,https://kurshub.ru/go/?id=57098,4
productstar,Интенсивный курс: It быстрый старт,46800,0,https://kurshub.ru/go/?id=52671,6
productstar,Управление проектами: быстрый старт,39912,0,https://kurshub.ru/go/?id=52642,0
productstar,Менеджмент Mobile-продуктов,39912,0,https://kurshub.ru/go/?id=52651,2
productstar,Курс: Менеджмент AI- и BigData-продуктов,39900,0,https://kurshub.ru/go/?id=52667,2
productstar,Unit-экономика и P&L,39900,0,https://kurshub.ru/go/?id=52669,2
productstar,Инструменты: CJM и CustDev,39900,0,https://kurshub.ru/go/?id=52672,4
productstar,Growth hacking,39900,0,https://kurshub.ru/go/?id=58739,2
Яндекс Практикум,Android-разработчик,168000,0,https://kurshub.ru/go/?id=54324,12
Яндекс Практикум,Java-разработчик,147000,0,https://kurshub.ru/go/?id=54347,10
Яндекс Практикум,Фронтенд-разработчик буткемп,140000,0,https://kurshub.ru/go/?id=54340,5
Яндекс Практикум,iOS-разработчик,140000,0,https://kurshub.ru/go/?id=54344,10
Яндекс Практикум,Python-разработчик,138600,0,https://kurshub.ru/go/?id=54327,9
Яндекс Практикум,Python-разработчик плюс,138600,0,https://kurshub.ru/go/?id=54359,14
Яндекс Практикум,Аналитик данных буткемп,128000,0,https://kurshub.ru/go/?id=54384,4
Яндекс Практикум,Разработчик C++,126000,0,https://kurshub.ru/go/?id=54333,9
Яндекс Практикум,DevOps для эксплуатации и разработки,124000,0,https://kurshub.ru/go/?id=54355,6
Яндекс Практикум,Менеджер проектов,102000,0,https://kurshub.ru/go/?id=54354,6
Яндекс Практикум,Мидл Python-разработчик,95000,0,https://kurshub.ru/go/?id=54351,6
Яндекс Практикум,Мидл фронтенд-разработчик,78000,0,https://kurshub.ru/go/?id=54350,5
Яндекс Практикум,Инженер по тестированию,72000,0,https://kurshub.ru/go/?id=54363,4
Яндекс Практикум,Автоматизатор тестирования на Java,70000,0,https://kurshub.ru/go/?id=54360,5
Яндекс Практикум,React-разработчик,51000,0,https://kurshub.ru/go/?id=54364,3
Яндекс Практикум,C++ для бэкенда,45000,0,https://kurshub.ru/go/?id=54391,2
Яндекс Практикум,Асинхронное программирование на Python,40000,0,https://kurshub.ru/go/?id=54326,2.5
Яндекс Практикум,Тестирование веб-приложений на Python,40000,0,https://kurshub.ru/go/?id=54361,2
Яндекс Практикум,Наставничество для тимлидов,0,0,https://kurshub.ru/go/?id=54343,2
Яндекс Практикум,Инженер облачных сервисов,0,0,https://kurshub.ru/go/?id=54371,2
Яндекс Практикум,Подготовка к алгоритмическому собеседованию,0,0,https://kurshub.ru/go/?id=54370,1
Яндекс Практикум,Основы Go,0,0,https://kurshub.ru/go/?id=54341,2
Яндекс Практикум,Интернет-маркетолог,96000,0,https://kurshub.ru/go/?id=54342,7
Яндекс Практикум,Трафик-менеджер,78000,0,https://kurshub.ru/go/?id=54330,4
Яндекс Практикум,Критическое мышление,35000,0,https://kurshub.ru/go/?id=54353,2
Яндекс Практикум,Графический дизайнер,136000,0,https://kurshub.ru/go/?id=54338,4
Яндекс Практикум,Дизайнер интерфейсов,136000,0,https://kurshub.ru/go/?id=54384,8
Яндекс Практикум,Коммерческий иллюстратор,68000,0,https://kurshub.ru/go/?id=54337,4
Яндекс Практикум,Продуктовый дизайнер плюс,66000,0,https://kurshub.ru/go/?id=54357,20
Яндекс Практикум,Визуализация данных и введение в BI-инструменты,51600,0,https://kurshub.ru/go/?id=54383,3
Яндекс Практикум,Аналитик данных буткемп,128000,0,https://kurshub.ru/go/?id=54368,4
Яндекс Практикум,Специалист по Data Science,112000,0,https://kurshub.ru/go/?id=54334,8.5
Яндекс Практикум,Специалист по Data Science плюс,112000,0,https://kurshub.ru/go/?id=54335,8
Яндекс Практикум,Data Science буткемп,112000,0,https://kurshub.ru/go/?id=54336,5
Яндекс Практикум,Системный аналитик,102400,0,https://kurshub.ru/go/?id=54338,8
Яндекс Практикум,Аналитик данных плюс,96000,0,https://kurshub.ru/go/?id=54394,12.5
Яндекс Практикум,Аналитик данных,96000,0,https://kurshub.ru/go/?id=54367,6
Яндекс Практикум,Инженер данных,95000,0,https://kurshub.ru/go/?id=54349,6.5
Яндекс Практикум,Визуализация данных и введение в BI-инструменты,51600,0,https://kurshub.ru/go/?id=54354,3
Яндекс Практикум,Продуктовая аналитика: симулятор,48700,0,https://kurshub.ru/go/?id=54398,10
Яндекс Практикум,SQL для работы с данными и аналитики,41000,0,https://kurshub.ru/go/?id=54396,1.5
Яндекс Практикум,Математика для анализа данных,30000,0,https://kurshub.ru/go/?id=54369,4
Яндекс Практикум,Курс по Excel для специалистов цифровых профессий,0,0,https://kurshub.ru/go/?id=54346,5
Яндекс Практикум,Основы математики для цифровых профессий,0,0,https://kurshub.ru/go/?id=54392,2
Яндекс Практикум,Менеджер проектов,102000,0,https://kurshub.ru/go/?id=54352,6
Яндекс Практикум,Финансовый менеджмент,79000,0,https://kurshub.ru/go/?id=54372,3
Яндекс Практикум,Курс по финансовой аналитике,67000,0,https://kurshub.ru/go/?id=54330,4
Яндекс Практикум,Управление командой,65000,0,https://kurshub.ru/go/?id=54369,4
Яндекс Практикум,IT-рекрутер,60000,0,https://kurshub.ru/go/?id=58853,3
Яндекс Практикум,HR аналитика,60000,0,https://kurshub.ru/go/?id=58854,3
Яндекс Практикум,Инструменты начинающего руководителя,30000,0,https://kurshub.ru/go/?id=54370,2
Яндекс Практикум,Юнит-экономика,25000,0,https://kurshub.ru/go/?id=54325,16
Яндекс Практикум,Коммерческий иллюстратор,68000,0,https://kurshub.ru/go/?id=54389,4
skypro,Курс «Backend-разработка на Java с нуля»,152532,0,https://kurshub.ru/go/?id=58861,12
skypro,Курс «Frontend-разработчик с нуля»,147420,0,https://kurshub.ru/go/?id=58863,12
skypro,Курс «HTML и CSS с нуля»,147420,0,https://kurshub.ru/go/?id=58864,12
skypro,Профессия: Java-разработчик,132822,0,https://kurshub.ru/go/?id=53284,11
skypro,Курс «Тестировщик ПО с нуля»,130000,0,https://kurshub.ru/go/?id=58862,12
skypro,Профессия: Веб-разработчик,126690,0,https://kurshub.ru/go/?id=53285,12
skypro,Профессия: Разработчик на Python,122372,0,https://kurshub.ru/go/?id=53283,6.5
skypro,Android-разработчик,117707,0,https://kurshub.ru/go/?id=53286,4.5
skypro,Профессия: Инженер по тестированию,105600,0,https://kurshub.ru/go/?id=53287,12
skypro,Python для анализа данных,48000,0,https://kurshub.ru/go/?id=53291,3
skypro,Таргетолог с нуля,114512,0,https://kurshub.ru/go/?id=53295,4
skypro,Полное погружение в интернет-маркетинг,100010,0,https://kurshub.ru/go/?id=54574,5.5
skypro,Графический дизайнер,141956,0,https://kurshub.ru/go/?id=57936,10
skypro,Профессия веб-дизайнер,131633,0,https://kurshub.ru/go/?id=53288,3
skypro,Курс «Анализ данных» с нуля,170000,0,https://kurshub.ru/go/?id=58855,12
skypro,Курс «Продуктовый аналитик» с нуля,170000,0,https://kurshub.ru/go/?id=58858,12
skypro,Курс «BI-аналитик» с нуля,170000,0,https://kurshub.ru/go/?id=58859,12
skypro,Курс «Программирование для анализа данных» с нуля,170000,0,https://kurshub.ru/go/?id=58860,12
skypro,Профессия Аналитик данных,153633,0,https://kurshub.ru/go/?id=53289,10
skypro,Курс «Бизнес-аналитик» с нуля,152928,0,https://kurshub.ru/go/?id=58857,12
skypro,Основы SQL для анализа данных,142460,0,https://kurshub.ru/go/?id=53292,2
skypro,Python для анализа данных,48000,0,https://kurshub.ru/go/?id=53291,3
skypro,Excel для анализа данных,6000,0,https://kurshub.ru/go/?id=53290,3
skypro,Курс «Финансовый аналитик» с нуля,170000,0,https://kurshub.ru/go/?id=58856,12
stepik,Проектирование архитектуры и интеграций сервисов (с проверкой),44000,0,https://kurshub.ru/go/?id=59532,3
stepik,FastAPI — погружение в backend разработку на Python,29990,0,https://kurshub.ru/go/?id=59531,4
stepik,Продвинутая работа с ошибками в Go (Golang),21280,0,https://kurshub.ru/go/?id=55984,1.5
stepik,Профессия C# разработчик,19990,0,https://kurshub.ru/go/?id=59540,1
stepik,Проектирование архитектуры и интеграций (API / брокеры) сервисов,13990,0,https://kurshub.ru/go/?id=59544,2
stepik,C# для продвинутых,11990,0,https://kurshub.ru/go/?id=56069,0
stepik,Основы программирования C#,4990,0,https://kurshub.ru/go/?id=59553,1
stepik,Программирование на Go,4400,0,https://kurshub.ru/go/?id=55983,0
stepik,Android: Профессиональный уровень + Подготовка к собеседованию,3874,0,https://kurshub.ru/go/?id=59541,1
stepik,WEB Парсинг на Python,3480,0,https://kurshub.ru/go/?id=59535,1
stepik,Android разработка: Базовый курс + Основы программирования,3373,0,https://kurshub.ru/go/?id=59542,1
stepik,Фундаментальный JavaScript,3200,0,https://kurshub.ru/go/?id=59550,1
stepik,Thank Go! Golang на практике,3000,0,https://kurshub.ru/go/?id=59549,1
stepik,React для современных веб-приложений,2990,0,https://kurshub.ru/go/?id=59554,1
stepik,Java с нуля до Junior + Подготовка к собеседованию,2749,0,https://kurshub.ru/go/?id=59533,1
stepik,"Django, потанцуем?",2500,0,https://kurshub.ru/go/?id=59536,1
stepik,Тестирование ПО с Нуля до Специалиста,1784,0,https://kurshub.ru/go/?id=59555,2
stepik,Kotlin — быстрый старт,1249,0,https://kurshub.ru/go/?id=59548,1
stepik,Основы программирования на C/C++,707,0,https://kurshub.ru/go/?id=56068,0
stepik,C++. Практикум. Часть 1,150,0,https://kurshub.ru/go/?id=55080,1
stepik,Go (Golang) — первое знакомство,0,0,https://kurshub.ru/go/?id=59534,1
stepik,Автоматизация тестирования с помощью Selenium и Python,0,0,https://kurshub.ru/go/?id=59547,1
stepik,Введение в тестирование. Women In Tech + TestIT + ПРОСТО,0,0,https://kurshub.ru/go/?id=59545,2
stepik,Введение в Linux,0,0,https://kurshub.ru/go/?id=59551,2
stepik,Введение в программирование (C++),0,0,https://kurshub.ru/go/?id=59546,3
stepik,Веб-разработка для начинающих: HTML и CSS,0,0,https://kurshub.ru/go/?id=59552,3
stepik,Многопоточность в iOS (Swift),0,0,https://kurshub.ru/go/?id=59543,2
stepik,Легкий старт в Java. Вводный курс для чайников,0,0,https://kurshub.ru/go/?id=55074,2
